platform;programId;trackingLink;params;redirector
DE;5643;http://partners.webmasterplan.com/click.asp?site=5643&ref=[ref]&type=text&tnb=302&diurl=[deeplink];;
DE;2950;http://partners.webmasterplan.com/click.asp?site=2950&ref=[ref]&type=text&tnb=85&diurl=[deeplink];page=&IWL=054&AffiliateID=LA992&campid=LA12639;
DE;2945;http://partners.webmasterplan.com/click.asp?site=2945&ref=[ref]&type=text&tnb=34&diurl=[deeplink];hk=WW1&insert=WD&utm_source=affilinet&utm_medium=deeplink&utm_content=dl_article&utm_campaign=affiliate&WT.mc_id=affiliate_affilinet_textlink;https://m.exactag.com/cl.aspx?tc=51617901ff7ad4f03f52319e84c6cd7c&extSi=20367-$ref$&url=
DE;13142;http://partners.webmasterplan.com/click.asp?site=13142&ref=[ref]&type=text&tnb=12&diurl=[deeplink];;
DE;8040;http://partners.webmasterplan.com/click.asp?site=8040&ref=[ref]&type=text&tnb=49&diurl=[deeplink];refID=affilinet/affilinet_$ref$/Default&emsrc=aff;
DE;12417;http://partners.webmasterplan.com/click.asp?site=12417&ref=[ref]&type=text&tnb=22&diurl=[deeplink];;
DE;15838;http://partners.webmasterplan.com/click.asp?site=15838&ref=[ref]&type=text&tnb=14&diurl=[deeplink];;
DE;9069;http://partners.webmasterplan.com/click.asp?site=9069&ref=[ref]&type=text&tnb=82&diurl=[deeplink];;
DE;14354;http://partners.webmasterplan.com/click.asp?site=14354&ref=[ref]&type=text&tnb=4&diurl=[deeplink];;
DE;13055;http://partners.webmasterplan.com/click.asp?site=13055&ref=[ref]&type=text&tnb=20&diurl=[deeplink];;
DE;5050;http://partners.webmasterplan.com/click.asp?ref=[ref]&site=5050&type=text&tnb=102&diurl=[deeplink];utm_campaign=affilinet&utm_source=affiliate&utm_medium=cpo;https://lidl.media01.eu/set.aspx?trackid=EB473B263EE1299B7CC7CF0260AE533D&dt_url=
DE;14665;http://partners.webmasterplan.com/click.asp?ref=[ref]&site=14665&type=text&tnb=2&diurl=[deeplink];;
DE;8476;http://partners.webmasterplan.com/click.asp?ref=[ref]&site=8476&type=text&tnb=69&diurl=[deeplink];;
DE;5571;https://partners.webmasterplan.com/click.aspx?ref=[ref]&site=5571&type=text&tnb=12&diurl=[deeplink];partnerid=affilinet;
DE;3357;https://partners.webmasterplan.com/click.asp?ref=[ref]&site=3357&type=text&tnb=44&diurl=[deeplink];;
DE;7768;http://partners.webmasterplan.com/click.asp?ref=[ref]&site=7768&type=text&tnb=270&diurl=[deeplink];;
DE;3582;http://partners.webmasterplan.com/click.asp?ref=[ref]&site=3582&type=text&tnb=202&diurl=[deeplink];;
DE;15822;http://partners.webmasterplan.com/click.aspx?ref=[ref]&site=15822&type=text&tnb=5&diurl=[deeplink];;
DE;5494;http://partners.webmasterplan.com/click.asp?ref=[ref]&site=5494&type=text&tnb=125&diurl=[deeplink];;http://m.exactag.com/cl.aspx?tc=bacafe741bb6357287e54a4362a6f71f&extSi=$ref$&ref=$ref$-$subid$&url=
DE;7305;http://partners.webmasterplan.com/click.asp?ref=[ref]&site=7305&type=text&tnb=30&diurl=[deeplink];;
DE;3617;http://partners.webmasterplan.com/click.asp?ref=[ref]&site=3617&type=text&tnb=125&diurl=[deeplink];WKZ=95&IWL=900&ns_mchannel=aff&ns_source=050101&ns_campaign=uaf&ns_linkname=bann&ns_fee=0;
DE;7282;http://partners.webmasterplan.com/click.aspx?ref=[ref]&site=7282&type=text&tnb=19&diurl=[deeplink];sc=7M3C&cm_mmc=Affilinet-_-$ref$-_-AW16_D11_Nov-_-Text&utm_source=Affiliates&utm_medium=Affilinet&utm_campaign=AW16_D11_Nov;
DE;1943;http://partners.webmasterplan.com/click.asp?site=1943&ref=[ref]&type=text&tnb=30&diurl=[deeplink];tagmancampaign=6&tmclickref=&ref=$ref$&affmt=$affmt$&affmn=$affmn$&refID=de/affilinet&emsrc=af&utm_source=affilinet&utm_medium=af&utm_campaign=DE-$ref$;
DE;3780;http://partners.webmasterplan.com/click.asp?site=3780&ref=[ref]&type=text&tnb=27&diurl=[deeplink];;
DE;5261;http://partners.webmasterplan.com/click.asp?site=5261&ref=[ref]&type=text&tnb=173&diurl=[deeplink];;
DE;8931;http://partners.webmasterplan.com/click.asp?site=8931&ref=[ref]&type=text&tnb=10&diurl=[deeplink];;
DE;8928;http://partners.webmasterplan.com/click.asp?site=8928&ref=[ref]&type=text&tnb=9&diurl=[deeplink];;
DE;10272;http://partners.webmasterplan.com/click.asp?site=10272&ref=[ref]&type=text&tnb=9&diurl=[deeplink];ref=6209&ns_campaign=affili_generator_6209&ns_mchannel=affiliate&ns_source=affilinet&ns_fee=1&exactc=e2b3931d7a0e70957e57c56abebb28fa;
DE;12515;http://partners.webmasterplan.com/click.asp?site=12515&ref=[ref]&type=text&tnb=28&diurl=[deeplink];;
DE;8932;http://partners.webmasterplan.com/click.asp?site=8932&ref=[ref]&type=text&tnb=10&diurl=[deeplink];;
DE;7997;http://partners.webmasterplan.com/click.asp?site=7997&ref=[ref]&type=text&tnb=18&diurl=[deeplink];;http://tracking.metalyzer.com/toysrus/de/affiliate/click.php?kid=1770&dlid=1&conid=20954&fwid=1050708&par=a-aff&ref=$ref$&subid2=$affmt$&url=
DE;3963;http://partners.webmasterplan.com/click.asp?site=3963&ref=[ref]&type=text&tnb=87&diurl=[deeplink];exactc=6a587a0005e50e81aea46660da5898da;
DE;8653;http://partners.webmasterplan.com/click.asp?site=8653&ref=[ref]&type=text&tnb=63&diurl=[deeplink];divacampaign=100000000000106&campaign=de/cc/affiliate/affili_net/;
DE;8472;http://partners.webmasterplan.com/click.asp?site=8472&ref=[ref]&type=text&tnb=71&diurl=[deeplink];divacampaign=100000000000105&campaign=de/so/affiliate/affili_net/;
DE;9138;http://partners.webmasterplan.com/click.asp?site=9138&ref=[ref]&type=text&tnb=189&diurl=[deeplink];;
DE;1879;http://partners.webmasterplan.com/click.asp?site=1879&ref=[ref]&type=text&tnb=189&diurl=[deeplink];wbdc=CZucfyeCjS&wt_cc1=[[trackingcode]];http://carat.adspirit.de/adclick.php?pid=460&wmid=2204&ord=[timestamp]&target=http%3A%2F%2Fm.exactag.com%2Fcl.aspx%3Ftc%3D7bd785f2348653c571b55a7829bc14e4%26keyword%3D%24ref%24%26ref%3D%24ref%24%26url%3D
DE;13055;http://partners.webmasterplan.com/click.asp?site=13055&ref=[ref]&type=text&tnb=20&diurl=[deeplink];;
DE;8689;http://partners.webmasterplan.com/click.asp?ref=[ref]&site=8689&type=text&tnb=103&diurl=[deeplink];;
DE;13734;http://partners.webmasterplan.com/click.asp?ref=[ref]&site=13734&type=text&tnb=20&diurl=[deeplink];;
DE;15608;http://partners.webmasterplan.com/click.asp?ref=[ref]&site=15608&type=text&tnb=17&diurl=[deeplink];;
DE;2150;http://partners.webmasterplan.com/click.asp?ref=[ref]&site=2150&type=text&tnb=16&diurl=[deeplink];mc=DEU_MTS_ONL_AFF_Affili.net_Affiliate-Links_000_000;
DE;7270;http://partners.webmasterplan.com/click.asp?ref=[ref]&site=7270&type=text&tnb=16&diurl=[deeplink];mc=DEU_MPD_ONL_AFF_affilinet_banner_standard_000;
DE;2897;http://partners.webmasterplan.com/click.asp?ref=[ref]&site=2897&type=text&tnb=129&diurl=[deeplink];AffiliateID=affilinet&Name=textlinks&WKZ=77&IWL=104&NUMSArt=44549370&NUMSArtPc=44978979;
DE;6327;http://partners.webmasterplan.com/click.asp?site=6327&ref=[ref]&type=text&tnb=59&diurl=[deeplink];gw=176308308;
DE;6668;http://partners.webmasterplan.com/click.asp?site=6668&ref=[ref]&type=text&tnb=60&diurl=[deeplink];;
DE;9141;http://partners.webmasterplan.com/click.asp?site=9141&ref=[ref]&type=text&tnb=43&diurl=[deeplink];;
DE;9846;http://partners.webmasterplan.com/click.asp?site=9846&ref=[ref]&type=text&tnb=67&diurl=[deeplink];;
DE;14637;http://partners.webmasterplan.com/click.asp?site=14637&ref=[ref]&type=text&tnb=133&diurl=[deeplink];utm_medium=affiliate&utm_source=affilinet&utm_campaign=$ref$&utm_content=$affmt$____$affmn$_textlinkgenerator-URL&utm=dynamic;
DE;15168;http://partners.webmasterplan.com/click.asp?site=15168&ref=[ref]&type=text&tnb=8&diurl=[deeplink];camp=affilinet;
DE;16062;http://partners.webmasterplan.com/click.asp?site=16062&ref=[ref]&type=text&tnb=6&diurl=[deeplink];;
DE;13245;http://partners.webmasterplan.com/click.asp?ref=[ref]&site=13245&type=text&tnb=20&diurl=[deeplink];adCode=032Q40W10C22B&utm_source=afn&utm_medium=af&utm_content=T&utm_campaign=brd;
DE;7932;http://partners.webmasterplan.com/click.asp?ref=[ref]&site=7932&type=text&tnb=247&diurl=[deeplink];vcp=d371618ae93f99&refID=HappySize_DE/Affilinet/NV/Default&emsrc=Affiliate&utm_source=affiliate&utm_medium=affilinet&utm_campaign=affilinet_default&utm_content=logo_kat_3657&ia-pkpmtrack=100-3353835313236323131303-101-101-101&refPa=1;
